{
  "service": {
    "service": "serverless-todo-app",
    "serviceObject": {
      "name": "serverless-todo-app"
    },
    "provider": {
      "name": "aws",
      "runtime": "nodejs18.x",
      "stage": "dev",
      "region": "us-east-1",
      "tracing": {
        "lambda": true,
        "apiGateway": true
      },
      "environment": {
        "TODOS_TABLE": "Todos-dev",
        "TODOS_CREATED_AT_INDEX": "CreatedAtIndex",
        "ATTACHMENT_S3_BUCKET": "ayushserverless-112233-dev",
        "SIGNED_URL_EXPIRATION": "3000"
      },
      "versionFunctions": true,
      "compiledCloudFormationTemplate": {
        "AWSTemplateFormatVersion": "2010-09-09",
        "Description": "The AWS CloudFormation template for this Serverless application",
        "Resources": {
          "ServerlessDeploymentBucket": {
            "Type": "AWS::S3::Bucket",
            "Properties": {
              "BucketEncryption": {
                "ServerSideEncryptionConfiguration": [
                  {
                    "ServerSideEncryptionByDefault": {
                      "SSEAlgorithm": "AES256"
                    }
                  }
                ]
              }
            }
          },
          "ServerlessDeploymentBucketPolicy": {
            "Type": "AWS::S3::BucketPolicy",
            "Properties": {
              "Bucket": {
                "Ref": "ServerlessDeploymentBucket"
              },
              "PolicyDocument": {
                "Statement": [
                  {
                    "Action": "s3:*",
                    "Effect": "Deny",
                    "Principal": "*",
                    "Resource": [
                      {
                        "Fn::Join": [
                          "",
                          [
                            "arn:",
                            {
                              "Ref": "AWS::Partition"
                            },
                            ":s3:::",
                            {
                              "Ref": "ServerlessDeploymentBucket"
                            },
                            "/*"
                          ]
                        ]
                      },
                      {
                        "Fn::Join": [
                          "",
                          [
                            "arn:",
                            {
                              "Ref": "AWS::Partition"
                            },
                            ":s3:::",
                            {
                              "Ref": "ServerlessDeploymentBucket"
                            }
                          ]
                        ]
                      }
                    ],
                    "Condition": {
                      "Bool": {
                        "aws:SecureTransport": false
                      }
                    }
                  }
                ]
              }
            }
          },
          "AuthLogGroup": {
            "Type": "AWS::Logs::LogGroup",
            "Properties": {
              "LogGroupName": "/aws/lambda/serverless-todo-app-dev-Auth"
            }
          },
          "GetTodosLogGroup": {
            "Type": "AWS::Logs::LogGroup",
            "Properties": {
              "LogGroupName": "/aws/lambda/serverless-todo-app-dev-GetTodos"
            }
          },
          "CreateTodoLogGroup": {
            "Type": "AWS::Logs::LogGroup",
            "Properties": {
              "LogGroupName": "/aws/lambda/serverless-todo-app-dev-CreateTodo"
            }
          },
          "UpdateTodoLogGroup": {
            "Type": "AWS::Logs::LogGroup",
            "Properties": {
              "LogGroupName": "/aws/lambda/serverless-todo-app-dev-UpdateTodo"
            }
          },
          "DeleteTodoLogGroup": {
            "Type": "AWS::Logs::LogGroup",
            "Properties": {
              "LogGroupName": "/aws/lambda/serverless-todo-app-dev-DeleteTodo"
            }
          },
          "GenerateUploadUrlLogGroup": {
            "Type": "AWS::Logs::LogGroup",
            "Properties": {
              "LogGroupName": "/aws/lambda/serverless-todo-app-dev-GenerateUploadUrl"
            }
          },
          "IamRoleLambdaExecution": {
            "Type": "AWS::IAM::Role",
            "Properties": {
              "AssumeRolePolicyDocument": {
                "Version": "2012-10-17",
                "Statement": [
                  {
                    "Effect": "Allow",
                    "Principal": {
                      "Service": [
                        "lambda.amazonaws.com"
                      ]
                    },
                    "Action": [
                      "sts:AssumeRole"
                    ]
                  }
                ]
              },
              "Policies": [
                {
                  "PolicyName": {
                    "Fn::Join": [
                      "-",
                      [
                        "serverless-todo-app",
                        "dev",
                        "lambda"
                      ]
                    ]
                  },
                  "PolicyDocument": {
                    "Version": "2012-10-17",
                    "Statement": [
                      {
                        "Effect": "Allow",
                        "Action": [
                          "logs:CreateLogStream",
                          "logs:CreateLogGroup"
                        ],
                        "Resource": [
                          {
                            "Fn::Sub": "arn:${AWS::Partition}:logs:${AWS::Region}:${AWS::AccountId}:log-group:/aws/lambda/serverless-todo-app-dev*:*"
                          }
                        ]
                      },
                      {
                        "Effect": "Allow",
                        "Action": [
                          "logs:PutLogEvents"
                        ],
                        "Resource": [
                          {
                            "Fn::Sub": "arn:${AWS::Partition}:logs:${AWS::Region}:${AWS::AccountId}:log-group:/aws/lambda/serverless-todo-app-dev*:*:*"
                          }
                        ]
                      },
                      {
                        "Effect": "Allow",
                        "Action": [
                          "xray:PutTraceSegments",
                          "xray:PutTelemetryRecords"
                        ],
                        "Resource": [
                          "*"
                        ]
                      }
                    ]
                  }
                }
              ],
              "Path": "/",
              "RoleName": {
                "Fn::Join": [
                  "-",
                  [
                    "serverless-todo-app",
                    "dev",
                    {
                      "Ref": "AWS::Region"
                    },
                    "lambdaRole"
                  ]
                ]
              }
            }
          },
          "AuthLambdaFunction": {
            "Type": "AWS::Lambda::Function",
            "Properties": {
              "Code": {
                "S3Bucket": {
                  "Ref": "ServerlessDeploymentBucket"
                },
                "S3Key": "serverless/serverless-todo-app/dev/1763721586758-2025-11-21T10:39:46.758Z/serverless-todo-app.zip"
              },
              "Handler": "src/lambda/auth/auth0Authorizer.handler",
              "Runtime": "nodejs18.x",
              "FunctionName": "serverless-todo-app-dev-Auth",
              "MemorySize": 1024,
              "Timeout": 6,
              "TracingConfig": {
                "Mode": "Active"
              },
              "Environment": {
                "Variables": {
                  "TODOS_TABLE": "Todos-dev",
                  "TODOS_CREATED_AT_INDEX": "CreatedAtIndex",
                  "ATTACHMENT_S3_BUCKET": "ayushserverless-112233-dev",
                  "SIGNED_URL_EXPIRATION": "3000"
                }
              },
              "Role": {
                "Fn::GetAtt": [
                  "IamRoleLambdaExecution",
                  "Arn"
                ]
              }
            },
            "DependsOn": [
              "AuthLogGroup"
            ]
          },
          "GetTodosLambdaFunction": {
            "Type": "AWS::Lambda::Function",
            "Properties": {
              "Code": {
                "S3Bucket": {
                  "Ref": "ServerlessDeploymentBucket"
                },
                "S3Key": "serverless/serverless-todo-app/dev/1763721586758-2025-11-21T10:39:46.758Z/serverless-todo-app.zip"
              },
              "Handler": "src/lambda/http/getTodos.handler",
              "Runtime": "nodejs18.x",
              "FunctionName": "serverless-todo-app-dev-GetTodos",
              "MemorySize": 1024,
              "Timeout": 6,
              "TracingConfig": {
                "Mode": "Active"
              },
              "Environment": {
                "Variables": {
                  "TODOS_TABLE": "Todos-dev",
                  "TODOS_CREATED_AT_INDEX": "CreatedAtIndex",
                  "ATTACHMENT_S3_BUCKET": "ayushserverless-112233-dev",
                  "SIGNED_URL_EXPIRATION": "3000"
                }
              },
              "Role": {
                "Fn::GetAtt": [
                  "GetTodosIamRoleLambdaExecution",
                  "Arn"
                ]
              }
            },
            "DependsOn": [
              "GetTodosIamRoleLambdaExecution",
              "GetTodosLogGroup"
            ]
          },
          "CreateTodoLambdaFunction": {
            "Type": "AWS::Lambda::Function",
            "Properties": {
              "Code": {
                "S3Bucket": {
                  "Ref": "ServerlessDeploymentBucket"
                },
                "S3Key": "serverless/serverless-todo-app/dev/1763721586758-2025-11-21T10:39:46.758Z/serverless-todo-app.zip"
              },
              "Handler": "src/lambda/http/createTodo.handler",
              "Runtime": "nodejs18.x",
              "FunctionName": "serverless-todo-app-dev-CreateTodo",
              "MemorySize": 1024,
              "Timeout": 6,
              "TracingConfig": {
                "Mode": "Active"
              },
              "Environment": {
                "Variables": {
                  "TODOS_TABLE": "Todos-dev",
                  "TODOS_CREATED_AT_INDEX": "CreatedAtIndex",
                  "ATTACHMENT_S3_BUCKET": "ayushserverless-112233-dev",
                  "SIGNED_URL_EXPIRATION": "3000"
                }
              },
              "Role": {
                "Fn::GetAtt": [
                  "CreateTodoIamRoleLambdaExecution",
                  "Arn"
                ]
              }
            },
            "DependsOn": [
              "CreateTodoIamRoleLambdaExecution",
              "CreateTodoLogGroup"
            ]
          },
          "UpdateTodoLambdaFunction": {
            "Type": "AWS::Lambda::Function",
            "Properties": {
              "Code": {
                "S3Bucket": {
                  "Ref": "ServerlessDeploymentBucket"
                },
                "S3Key": "serverless/serverless-todo-app/dev/1763721586758-2025-11-21T10:39:46.758Z/serverless-todo-app.zip"
              },
              "Handler": "src/lambda/http/updateTodo.handler",
              "Runtime": "nodejs18.x",
              "FunctionName": "serverless-todo-app-dev-UpdateTodo",
              "MemorySize": 1024,
              "Timeout": 6,
              "TracingConfig": {
                "Mode": "Active"
              },
              "Environment": {
                "Variables": {
                  "TODOS_TABLE": "Todos-dev",
                  "TODOS_CREATED_AT_INDEX": "CreatedAtIndex",
                  "ATTACHMENT_S3_BUCKET": "ayushserverless-112233-dev",
                  "SIGNED_URL_EXPIRATION": "3000"
                }
              },
              "Role": {
                "Fn::GetAtt": [
                  "UpdateTodoIamRoleLambdaExecution",
                  "Arn"
                ]
              }
            },
            "DependsOn": [
              "UpdateTodoIamRoleLambdaExecution",
              "UpdateTodoLogGroup"
            ]
          },
          "DeleteTodoLambdaFunction": {
            "Type": "AWS::Lambda::Function",
            "Properties": {
              "Code": {
                "S3Bucket": {
                  "Ref": "ServerlessDeploymentBucket"
                },
                "S3Key": "serverless/serverless-todo-app/dev/1763721586758-2025-11-21T10:39:46.758Z/serverless-todo-app.zip"
              },
              "Handler": "src/lambda/http/deleteTodo.handler",
              "Runtime": "nodejs18.x",
              "FunctionName": "serverless-todo-app-dev-DeleteTodo",
              "MemorySize": 1024,
              "Timeout": 6,
              "TracingConfig": {
                "Mode": "Active"
              },
              "Environment": {
                "Variables": {
                  "TODOS_TABLE": "Todos-dev",
                  "TODOS_CREATED_AT_INDEX": "CreatedAtIndex",
                  "ATTACHMENT_S3_BUCKET": "ayushserverless-112233-dev",
                  "SIGNED_URL_EXPIRATION": "3000"
                }
              },
              "Role": {
                "Fn::GetAtt": [
                  "DeleteTodoIamRoleLambdaExecution",
                  "Arn"
                ]
              }
            },
            "DependsOn": [
              "DeleteTodoIamRoleLambdaExecution",
              "DeleteTodoLogGroup"
            ]
          },
          "GenerateUploadUrlLambdaFunction": {
            "Type": "AWS::Lambda::Function",
            "Properties": {
              "Code": {
                "S3Bucket": {
                  "Ref": "ServerlessDeploymentBucket"
                },
                "S3Key": "serverless/serverless-todo-app/dev/1763721586758-2025-11-21T10:39:46.758Z/serverless-todo-app.zip"
              },
              "Handler": "src/lambda/http/generateUploadUrl.handler",
              "Runtime": "nodejs18.x",
              "FunctionName": "serverless-todo-app-dev-GenerateUploadUrl",
              "MemorySize": 1024,
              "Timeout": 6,
              "TracingConfig": {
                "Mode": "Active"
              },
              "Environment": {
                "Variables": {
                  "TODOS_TABLE": "Todos-dev",
                  "TODOS_CREATED_AT_INDEX": "CreatedAtIndex",
                  "ATTACHMENT_S3_BUCKET": "ayushserverless-112233-dev",
                  "SIGNED_URL_EXPIRATION": "3000"
                }
              },
              "Role": {
                "Fn::GetAtt": [
                  "GenerateUploadUrlIamRoleLambdaExecution",
                  "Arn"
                ]
              }
            },
            "DependsOn": [
              "GenerateUploadUrlIamRoleLambdaExecution",
              "GenerateUploadUrlLogGroup"
            ]
          },
          "AuthLambdaVersionsIRe8iltKRIQIgkHXQbi5HUYNx5g8PUMo85xuXM": {
            "Type": "AWS::Lambda::Version",
            "DeletionPolicy": "Retain",
            "Properties": {
              "FunctionName": {
                "Ref": "AuthLambdaFunction"
              },
              "CodeSha256": "anzDXedl4AE4Ub3+4Sp0UbI+Nen+K17rENwked+n+Ac="
            }
          },
          "GetTodosLambdaVersiongtyb7BU9ItyzsvbkNsPwyLDtbJv9b89ZOJ1hqjVK8w": {
            "Type": "AWS::Lambda::Version",
            "DeletionPolicy": "Retain",
            "Properties": {
              "FunctionName": {
                "Ref": "GetTodosLambdaFunction"
              },
              "CodeSha256": "anzDXedl4AE4Ub3+4Sp0UbI+Nen+K17rENwked+n+Ac="
            }
          },
          "CreateTodoLambdaVersiontmRkP4wfhTiEsaoYk8I3bFldIvtfrJ1kTQ19flHNwbs": {
            "Type": "AWS::Lambda::Version",
            "DeletionPolicy": "Retain",
            "Properties": {
              "FunctionName": {
                "Ref": "CreateTodoLambdaFunction"
              },
              "CodeSha256": "anzDXedl4AE4Ub3+4Sp0UbI+Nen+K17rENwked+n+Ac="
            }
          },
          "UpdateTodoLambdaVersiondEf8nDK2wOXP9CCw1qWXFX0GZadh8ObiLAVxsRmpZo": {
            "Type": "AWS::Lambda::Version",
            "DeletionPolicy": "Retain",
            "Properties": {
              "FunctionName": {
                "Ref": "UpdateTodoLambdaFunction"
              },
              "CodeSha256": "anzDXedl4AE4Ub3+4Sp0UbI+Nen+K17rENwked+n+Ac="
            }
          },
          "DeleteTodoLambdaVersionbxVVVozygCaDp1QNuYT4AMNwZc05wXnrnPNxVWT5A": {
            "Type": "AWS::Lambda::Version",
            "DeletionPolicy": "Retain",
            "Properties": {
              "FunctionName": {
                "Ref": "DeleteTodoLambdaFunction"
              },
              "CodeSha256": "anzDXedl4AE4Ub3+4Sp0UbI+Nen+K17rENwked+n+Ac="
            }
          },
          "GenerateUploadUrlLambdaVersionkUPxflOllRBuu3Mk2I00VbqUauRiEr6OYLJsRYBhS8": {
            "Type": "AWS::Lambda::Version",
            "DeletionPolicy": "Retain",
            "Properties": {
              "FunctionName": {
                "Ref": "GenerateUploadUrlLambdaFunction"
              },
              "CodeSha256": "anzDXedl4AE4Ub3+4Sp0UbI+Nen+K17rENwked+n+Ac="
            }
          },
          "ApiGatewayRestApi": {
            "Type": "AWS::ApiGateway::RestApi",
            "Properties": {
              "Name": "dev-serverless-todo-app",
              "EndpointConfiguration": {
                "Types": [
                  "EDGE"
                ]
              },
              "Policy": ""
            }
          },
          "ApiGatewayResourceTodos": {
            "Type": "AWS::ApiGateway::Resource",
            "Properties": {
              "ParentId": {
                "Fn::GetAtt": [
                  "ApiGatewayRestApi",
                  "RootResourceId"
                ]
              },
              "PathPart": "todos",
              "RestApiId": {
                "Ref": "ApiGatewayRestApi"
              }
            }
          },
          "ApiGatewayResourceTodosTodoidVar": {
            "Type": "AWS::ApiGateway::Resource",
            "Properties": {
              "ParentId": {
                "Ref": "ApiGatewayResourceTodos"
              },
              "PathPart": "{todoId}",
              "RestApiId": {
                "Ref": "ApiGatewayRestApi"
              }
            }
          },
          "ApiGatewayResourceTodosTodoidVarAttachment": {
            "Type": "AWS::ApiGateway::Resource",
            "Properties": {
              "ParentId": {
                "Ref": "ApiGatewayResourceTodosTodoidVar"
              },
              "PathPart": "attachment",
              "RestApiId": {
                "Ref": "ApiGatewayRestApi"
              }
            }
          },
          "ApiGatewayMethodTodosOptions": {
            "Type": "AWS::ApiGateway::Method",
            "Properties": {
              "AuthorizationType": "NONE",
              "HttpMethod": "OPTIONS",
              "MethodResponses": [
                {
                  "StatusCode": "200",
                  "ResponseParameters": {
                    "method.response.header.Access-Control-Allow-Origin": true,
                    "method.response.header.Access-Control-Allow-Headers": true,
                    "method.response.header.Access-Control-Allow-Methods": true
                  },
                  "ResponseModels": {}
                }
              ],
              "RequestParameters": {},
              "Integration": {
                "Type": "MOCK",
                "RequestTemplates": {
                  "application/json": "{statusCode:200}"
                },
                "ContentHandling": "CONVERT_TO_TEXT",
                "IntegrationResponses": [
                  {
                    "StatusCode": "200",
                    "ResponseParameters": {
                      "method.response.header.Access-Control-Allow-Origin": "'*'",
                      "method.response.header.Access-Control-Allow-Headers": "'Content-Type,X-Amz-Date,Authorization,X-Api-Key,X-Amz-Security-Token,X-Amz-User-Agent,X-Amzn-Trace-Id'",
                      "method.response.header.Access-Control-Allow-Methods": "'OPTIONS,POST,GET'"
                    },
                    "ResponseTemplates": {
                      "application/json": ""
                    }
                  }
                ]
              },
              "ResourceId": {
                "Ref": "ApiGatewayResourceTodos"
              },
              "RestApiId": {
                "Ref": "ApiGatewayRestApi"
              }
            }
          },
          "ApiGatewayMethodTodosTodoidVarOptions": {
            "Type": "AWS::ApiGateway::Method",
            "Properties": {
              "AuthorizationType": "NONE",
              "HttpMethod": "OPTIONS",
              "MethodResponses": [
                {
                  "StatusCode": "200",
                  "ResponseParameters": {
                    "method.response.header.Access-Control-Allow-Origin": true,
                    "method.response.header.Access-Control-Allow-Headers": true,
                    "method.response.header.Access-Control-Allow-Methods": true
                  },
                  "ResponseModels": {}
                }
              ],
              "RequestParameters": {},
              "Integration": {
                "Type": "MOCK",
                "RequestTemplates": {
                  "application/json": "{statusCode:200}"
                },
                "ContentHandling": "CONVERT_TO_TEXT",
                "IntegrationResponses": [
                  {
                    "StatusCode": "200",
                    "ResponseParameters": {
                      "method.response.header.Access-Control-Allow-Origin": "'*'",
                      "method.response.header.Access-Control-Allow-Headers": "'Content-Type,X-Amz-Date,Authorization,X-Api-Key,X-Amz-Security-Token,X-Amz-User-Agent,X-Amzn-Trace-Id'",
                      "method.response.header.Access-Control-Allow-Methods": "'OPTIONS,DELETE,PATCH'"
                    },
                    "ResponseTemplates": {
                      "application/json": ""
                    }
                  }
                ]
              },
              "ResourceId": {
                "Ref": "ApiGatewayResourceTodosTodoidVar"
              },
              "RestApiId": {
                "Ref": "ApiGatewayRestApi"
              }
            }
          },
          "ApiGatewayMethodTodosTodoidVarAttachmentOptions": {
            "Type": "AWS::ApiGateway::Method",
            "Properties": {
              "AuthorizationType": "NONE",
              "HttpMethod": "OPTIONS",
              "MethodResponses": [
                {
                  "StatusCode": "200",
                  "ResponseParameters": {
                    "method.response.header.Access-Control-Allow-Origin": true,
                    "method.response.header.Access-Control-Allow-Headers": true,
                    "method.response.header.Access-Control-Allow-Methods": true
                  },
                  "ResponseModels": {}
                }
              ],
              "RequestParameters": {},
              "Integration": {
                "Type": "MOCK",
                "RequestTemplates": {
                  "application/json": "{statusCode:200}"
                },
                "ContentHandling": "CONVERT_TO_TEXT",
                "IntegrationResponses": [
                  {
                    "StatusCode": "200",
                    "ResponseParameters": {
                      "method.response.header.Access-Control-Allow-Origin": "'*'",
                      "method.response.header.Access-Control-Allow-Headers": "'Content-Type,X-Amz-Date,Authorization,X-Api-Key,X-Amz-Security-Token,X-Amz-User-Agent,X-Amzn-Trace-Id'",
                      "method.response.header.Access-Control-Allow-Methods": "'OPTIONS,POST'"
                    },
                    "ResponseTemplates": {
                      "application/json": ""
                    }
                  }
                ]
              },
              "ResourceId": {
                "Ref": "ApiGatewayResourceTodosTodoidVarAttachment"
              },
              "RestApiId": {
                "Ref": "ApiGatewayRestApi"
              }
            }
          },
          "ApiGatewayMethodTodosGet": {
            "Type": "AWS::ApiGateway::Method",
            "Properties": {
              "HttpMethod": "GET",
              "RequestParameters": {},
              "ResourceId": {
                "Ref": "ApiGatewayResourceTodos"
              },
              "RestApiId": {
                "Ref": "ApiGatewayRestApi"
              },
              "ApiKeyRequired": false,
              "AuthorizationType": "CUSTOM",
              "AuthorizerId": {
                "Ref": "AuthApiGatewayAuthorizer"
              },
              "Integration": {
                "IntegrationHttpMethod": "POST",
                "Type": "AWS_PROXY",
                "Uri": {
                  "Fn::Join": [
                    "",
                    [
                      "arn:",
                      {
                        "Ref": "AWS::Partition"
                      },
                      ":apigateway:",
                      {
                        "Ref": "AWS::Region"
                      },
                      ":lambda:path/2015-03-31/functions/",
                      {
                        "Fn::GetAtt": [
                          "GetTodosLambdaFunction",
                          "Arn"
                        ]
                      },
                      "/invocations"
                    ]
                  ]
                }
              },
              "MethodResponses": []
            },
            "DependsOn": "AuthApiGatewayAuthorizer"
          },
          "ApiGatewayMethodTodosPost": {
            "Type": "AWS::ApiGateway::Method",
            "Properties": {
              "HttpMethod": "POST",
              "RequestParameters": {},
              "ResourceId": {
                "Ref": "ApiGatewayResourceTodos"
              },
              "RestApiId": {
                "Ref": "ApiGatewayRestApi"
              },
              "ApiKeyRequired": false,
              "AuthorizationType": "CUSTOM",
              "AuthorizerId": {
                "Ref": "AuthApiGatewayAuthorizer"
              },
              "Integration": {
                "IntegrationHttpMethod": "POST",
                "Type": "AWS_PROXY",
                "Uri": {
                  "Fn::Join": [
                    "",
                    [
                      "arn:",
                      {
                        "Ref": "AWS::Partition"
                      },
                      ":apigateway:",
                      {
                        "Ref": "AWS::Region"
                      },
                      ":lambda:path/2015-03-31/functions/",
                      {
                        "Fn::GetAtt": [
                          "CreateTodoLambdaFunction",
                          "Arn"
                        ]
                      },
                      "/invocations"
                    ]
                  ]
                }
              },
              "MethodResponses": []
            },
            "DependsOn": "AuthApiGatewayAuthorizer"
          },
          "ApiGatewayMethodTodosTodoidVarPatch": {
            "Type": "AWS::ApiGateway::Method",
            "Properties": {
              "HttpMethod": "PATCH",
              "RequestParameters": {},
              "ResourceId": {
                "Ref": "ApiGatewayResourceTodosTodoidVar"
              },
              "RestApiId": {
                "Ref": "ApiGatewayRestApi"
              },
              "ApiKeyRequired": false,
              "AuthorizationType": "CUSTOM",
              "AuthorizerId": {
                "Ref": "AuthApiGatewayAuthorizer"
              },
              "Integration": {
                "IntegrationHttpMethod": "POST",
                "Type": "AWS_PROXY",
                "Uri": {
                  "Fn::Join": [
                    "",
                    [
                      "arn:",
                      {
                        "Ref": "AWS::Partition"
                      },
                      ":apigateway:",
                      {
                        "Ref": "AWS::Region"
                      },
                      ":lambda:path/2015-03-31/functions/",
                      {
                        "Fn::GetAtt": [
                          "UpdateTodoLambdaFunction",
                          "Arn"
                        ]
                      },
                      "/invocations"
                    ]
                  ]
                }
              },
              "MethodResponses": []
            },
            "DependsOn": "AuthApiGatewayAuthorizer"
          },
          "ApiGatewayMethodTodosTodoidVarDelete": {
            "Type": "AWS::ApiGateway::Method",
            "Properties": {
              "HttpMethod": "DELETE",
              "RequestParameters": {},
              "ResourceId": {
                "Ref": "ApiGatewayResourceTodosTodoidVar"
              },
              "RestApiId": {
                "Ref": "ApiGatewayRestApi"
              },
              "ApiKeyRequired": false,
              "AuthorizationType": "CUSTOM",
              "AuthorizerId": {
                "Ref": "AuthApiGatewayAuthorizer"
              },
              "Integration": {
                "IntegrationHttpMethod": "POST",
                "Type": "AWS_PROXY",
                "Uri": {
                  "Fn::Join": [
                    "",
                    [
                      "arn:",
                      {
                        "Ref": "AWS::Partition"
                      },
                      ":apigateway:",
                      {
                        "Ref": "AWS::Region"
                      },
                      ":lambda:path/2015-03-31/functions/",
                      {
                        "Fn::GetAtt": [
                          "DeleteTodoLambdaFunction",
                          "Arn"
                        ]
                      },
                      "/invocations"
                    ]
                  ]
                }
              },
              "MethodResponses": []
            },
            "DependsOn": "AuthApiGatewayAuthorizer"
          },
          "ApiGatewayMethodTodosTodoidVarAttachmentPost": {
            "Type": "AWS::ApiGateway::Method",
            "Properties": {
              "HttpMethod": "POST",
              "RequestParameters": {},
              "ResourceId": {
                "Ref": "ApiGatewayResourceTodosTodoidVarAttachment"
              },
              "RestApiId": {
                "Ref": "ApiGatewayRestApi"
              },
              "ApiKeyRequired": false,
              "AuthorizationType": "CUSTOM",
              "AuthorizerId": {
                "Ref": "AuthApiGatewayAuthorizer"
              },
              "Integration": {
                "IntegrationHttpMethod": "POST",
                "Type": "AWS_PROXY",
                "Uri": {
                  "Fn::Join": [
                    "",
                    [
                      "arn:",
                      {
                        "Ref": "AWS::Partition"
                      },
                      ":apigateway:",
                      {
                        "Ref": "AWS::Region"
                      },
                      ":lambda:path/2015-03-31/functions/",
                      {
                        "Fn::GetAtt": [
                          "GenerateUploadUrlLambdaFunction",
                          "Arn"
                        ]
                      },
                      "/invocations"
                    ]
                  ]
                }
              },
              "MethodResponses": []
            },
            "DependsOn": "AuthApiGatewayAuthorizer"
          },
          "AuthApiGatewayAuthorizer": {
            "Type": "AWS::ApiGateway::Authorizer",
            "Properties": {
              "IdentitySource": "method.request.header.Authorization",
              "Name": "Auth",
              "RestApiId": {
                "Ref": "ApiGatewayRestApi"
              },
              "AuthorizerUri": {
                "Fn::Join": [
                  "",
                  [
                    "arn:",
                    {
                      "Ref": "AWS::Partition"
                    },
                    ":apigateway:",
                    {
                      "Ref": "AWS::Region"
                    },
                    ":lambda:path/2015-03-31/functions/",
                    {
                      "Fn::GetAtt": [
                        "AuthLambdaFunction",
                        "Arn"
                      ]
                    },
                    "/invocations"
                  ]
                ]
              },
              "Type": "TOKEN"
            }
          },
          "ApiGatewayDeployment1763721584313": {
            "Type": "AWS::ApiGateway::Deployment",
            "Properties": {
              "RestApiId": {
                "Ref": "ApiGatewayRestApi"
              },
              "StageName": "dev"
            },
            "DependsOn": [
              "ApiGatewayMethodTodosOptions",
              "ApiGatewayMethodTodosTodoidVarOptions",
              "ApiGatewayMethodTodosTodoidVarAttachmentOptions",
              "ApiGatewayMethodTodosGet",
              "ApiGatewayMethodTodosPost",
              "ApiGatewayMethodTodosTodoidVarPatch",
              "ApiGatewayMethodTodosTodoidVarDelete",
              "ApiGatewayMethodTodosTodoidVarAttachmentPost"
            ]
          },
          "GetTodosLambdaPermissionApiGateway": {
            "Type": "AWS::Lambda::Permission",
            "Properties": {
              "FunctionName": {
                "Fn::GetAtt": [
                  "GetTodosLambdaFunction",
                  "Arn"
                ]
              },
              "Action": "lambda:InvokeFunction",
              "Principal": "apigateway.amazonaws.com",
              "SourceArn": {
                "Fn::Join": [
                  "",
                  [
                    "arn:",
                    {
                      "Ref": "AWS::Partition"
                    },
                    ":execute-api:",
                    {
                      "Ref": "AWS::Region"
                    },
                    ":",
                    {
                      "Ref": "AWS::AccountId"
                    },
                    ":",
                    {
                      "Ref": "ApiGatewayRestApi"
                    },
                    "/*/*"
                  ]
                ]
              }
            }
          },
          "AuthLambdaPermissionApiGateway": {
            "Type": "AWS::Lambda::Permission",
            "Properties": {
              "FunctionName": {
                "Fn::GetAtt": [
                  "AuthLambdaFunction",
                  "Arn"
                ]
              },
              "Action": "lambda:InvokeFunction",
              "Principal": "apigateway.amazonaws.com",
              "SourceArn": {
                "Fn::Join": [
                  "",
                  [
                    "arn:",
                    {
                      "Ref": "AWS::Partition"
                    },
                    ":execute-api:",
                    {
                      "Ref": "AWS::Region"
                    },
                    ":",
                    {
                      "Ref": "AWS::AccountId"
                    },
                    ":",
                    {
                      "Ref": "ApiGatewayRestApi"
                    },
                    "/*/*"
                  ]
                ]
              }
            }
          },
          "CreateTodoLambdaPermissionApiGateway": {
            "Type": "AWS::Lambda::Permission",
            "Properties": {
              "FunctionName": {
                "Fn::GetAtt": [
                  "CreateTodoLambdaFunction",
                  "Arn"
                ]
              },
              "Action": "lambda:InvokeFunction",
              "Principal": "apigateway.amazonaws.com",
              "SourceArn": {
                "Fn::Join": [
                  "",
                  [
                    "arn:",
                    {
                      "Ref": "AWS::Partition"
                    },
                    ":execute-api:",
                    {
                      "Ref": "AWS::Region"
                    },
                    ":",
                    {
                      "Ref": "AWS::AccountId"
                    },
                    ":",
                    {
                      "Ref": "ApiGatewayRestApi"
                    },
                    "/*/*"
                  ]
                ]
              }
            }
          },
          "UpdateTodoLambdaPermissionApiGateway": {
            "Type": "AWS::Lambda::Permission",
            "Properties": {
              "FunctionName": {
                "Fn::GetAtt": [
                  "UpdateTodoLambdaFunction",
                  "Arn"
                ]
              },
              "Action": "lambda:InvokeFunction",
              "Principal": "apigateway.amazonaws.com",
              "SourceArn": {
                "Fn::Join": [
                  "",
                  [
                    "arn:",
                    {
                      "Ref": "AWS::Partition"
                    },
                    ":execute-api:",
                    {
                      "Ref": "AWS::Region"
                    },
                    ":",
                    {
                      "Ref": "AWS::AccountId"
                    },
                    ":",
                    {
                      "Ref": "ApiGatewayRestApi"
                    },
                    "/*/*"
                  ]
                ]
              }
            }
          },
          "DeleteTodoLambdaPermissionApiGateway": {
            "Type": "AWS::Lambda::Permission",
            "Properties": {
              "FunctionName": {
                "Fn::GetAtt": [
                  "DeleteTodoLambdaFunction",
                  "Arn"
                ]
              },
              "Action": "lambda:InvokeFunction",
              "Principal": "apigateway.amazonaws.com",
              "SourceArn": {
                "Fn::Join": [
                  "",
                  [
                    "arn:",
                    {
                      "Ref": "AWS::Partition"
                    },
                    ":execute-api:",
                    {
                      "Ref": "AWS::Region"
                    },
                    ":",
                    {
                      "Ref": "AWS::AccountId"
                    },
                    ":",
                    {
                      "Ref": "ApiGatewayRestApi"
                    },
                    "/*/*"
                  ]
                ]
              }
            }
          },
          "GenerateUploadUrlLambdaPermissionApiGateway": {
            "Type": "AWS::Lambda::Permission",
            "Properties": {
              "FunctionName": {
                "Fn::GetAtt": [
                  "GenerateUploadUrlLambdaFunction",
                  "Arn"
                ]
              },
              "Action": "lambda:InvokeFunction",
              "Principal": "apigateway.amazonaws.com",
              "SourceArn": {
                "Fn::Join": [
                  "",
                  [
                    "arn:",
                    {
                      "Ref": "AWS::Partition"
                    },
                    ":execute-api:",
                    {
                      "Ref": "AWS::Region"
                    },
                    ":",
                    {
                      "Ref": "AWS::AccountId"
                    },
                    ":",
                    {
                      "Ref": "ApiGatewayRestApi"
                    },
                    "/*/*"
                  ]
                ]
              }
            }
          },
          "GetTodosIamRoleLambdaExecution": {
            "Type": "AWS::IAM::Role",
            "Properties": {
              "AssumeRolePolicyDocument": {
                "Version": "2012-10-17",
                "Statement": [
                  {
                    "Effect": "Allow",
                    "Principal": {
                      "Service": [
                        "lambda.amazonaws.com"
                      ]
                    },
                    "Action": [
                      "sts:AssumeRole"
                    ]
                  }
                ]
              },
              "Policies": [
                {
                  "PolicyName": {
                    "Fn::Join": [
                      "-",
                      [
                        "serverless-todo-app",
                        "dev",
                        "lambda"
                      ]
                    ]
                  },
                  "PolicyDocument": {
                    "Version": "2012-10-17",
                    "Statement": [
                      {
                        "Effect": "Allow",
                        "Action": [
                          "logs:CreateLogStream",
                          "logs:CreateLogGroup",
                          "logs:PutLogEvents"
                        ],
                        "Resource": [
                          {
                            "Fn::Sub": "arn:${AWS::Partition}:logs:${AWS::Region}:${AWS::AccountId}:log-group:/aws/lambda/serverless-todo-app-dev-GetTodos:*:*"
                          }
                        ]
                      },
                      {
                        "Effect": "Allow",
                        "Action": [
                          "dynamodb:Query"
                        ],
                        "Resource": "arn:aws:dynamodb:us-east-1:*:table/Todos-dev"
                      },
                      {
                        "Effect": "Allow",
                        "Action": [
                          "dynamodb:Query"
                        ],
                        "Resource": "arn:aws:dynamodb:us-east-1:*:table/Todos-dev/index/CreatedAtIndex"
                      }
                    ]
                  }
                }
              ],
              "Path": "/",
              "RoleName": {
                "Fn::Join": [
                  "-",
                  [
                    "serverless-todo-app",
                    "dev",
                    "GetTodos",
                    {
                      "Ref": "AWS::Region"
                    },
                    "lambdaRole"
                  ]
                ]
              },
              "ManagedPolicyArns": []
            }
          },
          "CreateTodoIamRoleLambdaExecution": {
            "Type": "AWS::IAM::Role",
            "Properties": {
              "AssumeRolePolicyDocument": {
                "Version": "2012-10-17",
                "Statement": [
                  {
                    "Effect": "Allow",
                    "Principal": {
                      "Service": [
                        "lambda.amazonaws.com"
                      ]
                    },
                    "Action": [
                      "sts:AssumeRole"
                    ]
                  }
                ]
              },
              "Policies": [
                {
                  "PolicyName": {
                    "Fn::Join": [
                      "-",
                      [
                        "serverless-todo-app",
                        "dev",
                        "lambda"
                      ]
                    ]
                  },
                  "PolicyDocument": {
                    "Version": "2012-10-17",
                    "Statement": [
                      {
                        "Effect": "Allow",
                        "Action": [
                          "logs:CreateLogStream",
                          "logs:CreateLogGroup",
                          "logs:PutLogEvents"
                        ],
                        "Resource": [
                          {
                            "Fn::Sub": "arn:${AWS::Partition}:logs:${AWS::Region}:${AWS::AccountId}:log-group:/aws/lambda/serverless-todo-app-dev-CreateTodo:*:*"
                          }
                        ]
                      },
                      {
                        "Effect": "Allow",
                        "Action": [
                          "dynamodb:PutItem"
                        ],
                        "Resource": "arn:aws:dynamodb:us-east-1:*:table/Todos-dev"
                      }
                    ]
                  }
                }
              ],
              "Path": "/",
              "RoleName": {
                "Fn::Join": [
                  "-",
                  [
                    "serverless-todo-app",
                    "dev",
                    "CreateTodo",
                    {
                      "Ref": "AWS::Region"
                    },
                    "lambdaRole"
                  ]
                ]
              },
              "ManagedPolicyArns": []
            }
          },
          "UpdateTodoIamRoleLambdaExecution": {
            "Type": "AWS::IAM::Role",
            "Properties": {
              "AssumeRolePolicyDocument": {
                "Version": "2012-10-17",
                "Statement": [
                  {
                    "Effect": "Allow",
                    "Principal": {
                      "Service": [
                        "lambda.amazonaws.com"
                      ]
                    },
                    "Action": [
                      "sts:AssumeRole"
                    ]
                  }
                ]
              },
              "Policies": [
                {
                  "PolicyName": {
                    "Fn::Join": [
                      "-",
                      [
                        "serverless-todo-app",
                        "dev",
                        "lambda"
                      ]
                    ]
                  },
                  "PolicyDocument": {
                    "Version": "2012-10-17",
                    "Statement": [
                      {
                        "Effect": "Allow",
                        "Action": [
                          "logs:CreateLogStream",
                          "logs:CreateLogGroup",
                          "logs:PutLogEvents"
                        ],
                        "Resource": [
                          {
                            "Fn::Sub": "arn:${AWS::Partition}:logs:${AWS::Region}:${AWS::AccountId}:log-group:/aws/lambda/serverless-todo-app-dev-UpdateTodo:*:*"
                          }
                        ]
                      },
                      {
                        "Effect": "Allow",
                        "Action": [
                          "dynamodb:UpdateItem",
                          "dynamodb:Query"
                        ],
                        "Resource": "arn:aws:dynamodb:us-east-1:*:table/Todos-dev"
                      }
                    ]
                  }
                }
              ],
              "Path": "/",
              "RoleName": {
                "Fn::Join": [
                  "-",
                  [
                    "serverless-todo-app",
                    "dev",
                    "UpdateTodo",
                    {
                      "Ref": "AWS::Region"
                    },
                    "lambdaRole"
                  ]
                ]
              },
              "ManagedPolicyArns": []
            }
          },
          "DeleteTodoIamRoleLambdaExecution": {
            "Type": "AWS::IAM::Role",
            "Properties": {
              "AssumeRolePolicyDocument": {
                "Version": "2012-10-17",
                "Statement": [
                  {
                    "Effect": "Allow",
                    "Principal": {
                      "Service": [
                        "lambda.amazonaws.com"
                      ]
                    },
                    "Action": [
                      "sts:AssumeRole"
                    ]
                  }
                ]
              },
              "Policies": [
                {
                  "PolicyName": {
                    "Fn::Join": [
                      "-",
                      [
                        "serverless-todo-app",
                        "dev",
                        "lambda"
                      ]
                    ]
                  },
                  "PolicyDocument": {
                    "Version": "2012-10-17",
                    "Statement": [
                      {
                        "Effect": "Allow",
                        "Action": [
                          "logs:CreateLogStream",
                          "logs:CreateLogGroup",
                          "logs:PutLogEvents"
                        ],
                        "Resource": [
                          {
                            "Fn::Sub": "arn:${AWS::Partition}:logs:${AWS::Region}:${AWS::AccountId}:log-group:/aws/lambda/serverless-todo-app-dev-DeleteTodo:*:*"
                          }
                        ]
                      },
                      {
                        "Effect": "Allow",
                        "Action": [
                          "dynamodb:DeleteItem",
                          "dynamodb:Query"
                        ],
                        "Resource": "arn:aws:dynamodb:us-east-1:*:table/Todos-dev"
                      }
                    ]
                  }
                }
              ],
              "Path": "/",
              "RoleName": {
                "Fn::Join": [
                  "-",
                  [
                    "serverless-todo-app",
                    "dev",
                    "DeleteTodo",
                    {
                      "Ref": "AWS::Region"
                    },
                    "lambdaRole"
                  ]
                ]
              },
              "ManagedPolicyArns": []
            }
          },
          "GenerateUploadUrlIamRoleLambdaExecution": {
            "Type": "AWS::IAM::Role",
            "Properties": {
              "AssumeRolePolicyDocument": {
                "Version": "2012-10-17",
                "Statement": [
                  {
                    "Effect": "Allow",
                    "Principal": {
                      "Service": [
                        "lambda.amazonaws.com"
                      ]
                    },
                    "Action": [
                      "sts:AssumeRole"
                    ]
                  }
                ]
              },
              "Policies": [
                {
                  "PolicyName": {
                    "Fn::Join": [
                      "-",
                      [
                        "serverless-todo-app",
                        "dev",
                        "lambda"
                      ]
                    ]
                  },
                  "PolicyDocument": {
                    "Version": "2012-10-17",
                    "Statement": [
                      {
                        "Effect": "Allow",
                        "Action": [
                          "logs:CreateLogStream",
                          "logs:CreateLogGroup",
                          "logs:PutLogEvents"
                        ],
                        "Resource": [
                          {
                            "Fn::Sub": "arn:${AWS::Partition}:logs:${AWS::Region}:${AWS::AccountId}:log-group:/aws/lambda/serverless-todo-app-dev-GenerateUploadUrl:*:*"
                          }
                        ]
                      },
                      {
                        "Effect": "Allow",
                        "Action": [
                          "s3:PutObject"
                        ],
                        "Resource": "arn:aws:s3:::ayushserverless-112233-dev/*"
                      },
                      {
                        "Effect": "Allow",
                        "Action": [
                          "dynamodb:UpdateItem",
                          "dynamodb:Query"
                        ],
                        "Resource": "arn:aws:dynamodb:us-east-1:*:table/Todos-dev"
                      }
                    ]
                  }
                }
              ],
              "Path": "/",
              "RoleName": {
                "Fn::Join": [
                  "-",
                  [
                    "serverless-todo-app",
                    "dev",
                    "GenerateUploadUrl",
                    {
                      "Ref": "AWS::Region"
                    },
                    "lambdaRole"
                  ]
                ]
              },
              "ManagedPolicyArns": []
            }
          },
          "GatewayResponseDefault": {
            "Type": "AWS::ApiGateway::GatewayResponse",
            "Properties": {
              "ResponseParameters": {
                "gatewayresponse.header.Access-Control-Allow-Origin": "'*'",
                "gatewayresponse.header.Access-Control-Allow-Headers": "'Content-Type,X-Amz-Date,Authorization,X-Api-Key,X-Amz-Security-Token'",
                "gatewayresponse.header.Access-Control-Allow-Methods": "'GET,OPTIONS,POST'"
              },
              "ResponseType": "DEFAULT_4XX",
              "RestApiId": {
                "Ref": "ApiGatewayRestApi"
              }
            }
          },
          "TodosTable": {
            "Type": "AWS::DynamoDB::Table",
            "Properties": {
              "AttributeDefinitions": [
                {
                  "AttributeName": "userId",
                  "AttributeType": "S"
                },
                {
                  "AttributeName": "todoId",
                  "AttributeType": "S"
                },
                {
                  "AttributeName": "createdAt",
                  "AttributeType": "S"
                }
              ],
              "KeySchema": [
                {
                  "AttributeName": "userId",
                  "KeyType": "HASH"
                },
                {
                  "AttributeName": "todoId",
                  "KeyType": "RANGE"
                }
              ],
              "BillingMode": "PAY_PER_REQUEST",
              "TableName": "Todos-dev",
              "LocalSecondaryIndexes": [
                {
                  "IndexName": "CreatedAtIndex",
                  "KeySchema": [
                    {
                      "AttributeName": "userId",
                      "KeyType": "HASH"
                    },
                    {
                      "AttributeName": "createdAt",
                      "KeyType": "RANGE"
                    }
                  ],
                  "Projection": {
                    "ProjectionType": "ALL"
                  }
                }
              ]
            }
          },
          "AttachmentsBucket": {
            "Type": "AWS::S3::Bucket",
            "Properties": {
              "BucketName": "ayushserverless-112233-dev",
              "PublicAccessBlockConfiguration": {
                "BlockPublicAcls": false,
                "BlockPublicPolicy": false,
                "IgnorePublicAcls": false,
                "RestrictPublicBuckets": false
              },
              "CorsConfiguration": {
                "CorsRules": [
                  {
                    "AllowedOrigins": [
                      "*"
                    ],
                    "AllowedMethods": [
                      "GET",
                      "PUT",
                      "POST",
                      "DELETE",
                      "HEAD"
                    ],
                    "MaxAge": 3600
                  }
                ]
              }
            }
          },
          "BucketPolicy": {
            "Type": "AWS::S3::BucketPolicy",
            "Properties": {
              "PolicyDocument": {
                "Id": "MyBucketPol",
                "Version": "2012-10-17",
                "Statement": [
                  {
                    "Sid": "PublicReadForGetBucketObjects",
                    "Effect": "Allow",
                    "Principal": "*",
                    "Action": "s3:GetObject",
                    "Resource": "arn:aws:s3:::ayushserverless-112233-dev/*"
                  }
                ]
              },
              "Bucket": {
                "Ref": "AttachmentsBucket"
              }
            }
          }
        },
        "Outputs": {
          "ServerlessDeploymentBucketName": {
            "Value": {
              "Ref": "ServerlessDeploymentBucket"
            },
            "Export": {
              "Name": "sls-serverless-todo-app-dev-ServerlessDeploymentBucketName"
            }
          },
          "AuthLambdaFunctionQualifiedArn": {
            "Description": "Current Lambda function version",
            "Value": {
              "Ref": "AuthLambdaVersionsIRe8iltKRIQIgkHXQbi5HUYNx5g8PUMo85xuXM"
            },
            "Export": {
              "Name": "sls-serverless-todo-app-dev-AuthLambdaFunctionQualifiedArn"
            }
          },
          "GetTodosLambdaFunctionQualifiedArn": {
            "Description": "Current Lambda function version",
            "Value": {
              "Ref": "GetTodosLambdaVersiongtyb7BU9ItyzsvbkNsPwyLDtbJv9b89ZOJ1hqjVK8w"
            },
            "Export": {
              "Name": "sls-serverless-todo-app-dev-GetTodosLambdaFunctionQualifiedArn"
            }
          },
          "CreateTodoLambdaFunctionQualifiedArn": {
            "Description": "Current Lambda function version",
            "Value": {
              "Ref": "CreateTodoLambdaVersiontmRkP4wfhTiEsaoYk8I3bFldIvtfrJ1kTQ19flHNwbs"
            },
            "Export": {
              "Name": "sls-serverless-todo-app-dev-CreateTodoLambdaFunctionQualifiedArn"
            }
          },
          "UpdateTodoLambdaFunctionQualifiedArn": {
            "Description": "Current Lambda function version",
            "Value": {
              "Ref": "UpdateTodoLambdaVersiondEf8nDK2wOXP9CCw1qWXFX0GZadh8ObiLAVxsRmpZo"
            },
            "Export": {
              "Name": "sls-serverless-todo-app-dev-UpdateTodoLambdaFunctionQualifiedArn"
            }
          },
          "DeleteTodoLambdaFunctionQualifiedArn": {
            "Description": "Current Lambda function version",
            "Value": {
              "Ref": "DeleteTodoLambdaVersionbxVVVozygCaDp1QNuYT4AMNwZc05wXnrnPNxVWT5A"
            },
            "Export": {
              "Name": "sls-serverless-todo-app-dev-DeleteTodoLambdaFunctionQualifiedArn"
            }
          },
          "GenerateUploadUrlLambdaFunctionQualifiedArn": {
            "Description": "Current Lambda function version",
            "Value": {
              "Ref": "GenerateUploadUrlLambdaVersionkUPxflOllRBuu3Mk2I00VbqUauRiEr6OYLJsRYBhS8"
            },
            "Export": {
              "Name": "sls-serverless-todo-app-dev-GenerateUploadUrlLambdaFunctionQualifiedArn"
            }
          },
          "ServiceEndpoint": {
            "Description": "URL of the service endpoint",
            "Value": {
              "Fn::Join": [
                "",
                [
                  "https://",
                  {
                    "Ref": "ApiGatewayRestApi"
                  },
                  ".execute-api.",
                  {
                    "Ref": "AWS::Region"
                  },
                  ".",
                  {
                    "Ref": "AWS::URLSuffix"
                  },
                  "/dev"
                ]
              ]
            },
            "Export": {
              "Name": "sls-serverless-todo-app-dev-ServiceEndpoint"
            }
          }
        }
      },
      "coreCloudFormationTemplate": {
        "AWSTemplateFormatVersion": "2010-09-09",
        "Description": "The AWS CloudFormation template for this Serverless application",
        "Resources": {
          "ServerlessDeploymentBucket": {
            "Type": "AWS::S3::Bucket",
            "Properties": {
              "BucketEncryption": {
                "ServerSideEncryptionConfiguration": [
                  {
                    "ServerSideEncryptionByDefault": {
                      "SSEAlgorithm": "AES256"
                    }
                  }
                ]
              }
            }
          },
          "ServerlessDeploymentBucketPolicy": {
            "Type": "AWS::S3::BucketPolicy",
            "Properties": {
              "Bucket": {
                "Ref": "ServerlessDeploymentBucket"
              },
              "PolicyDocument": {
                "Statement": [
                  {
                    "Action": "s3:*",
                    "Effect": "Deny",
                    "Principal": "*",
                    "Resource": [
                      {
                        "Fn::Join": [
                          "",
                          [
                            "arn:",
                            {
                              "Ref": "AWS::Partition"
                            },
                            ":s3:::",
                            {
                              "Ref": "ServerlessDeploymentBucket"
                            },
                            "/*"
                          ]
                        ]
                      },
                      {
                        "Fn::Join": [
                          "",
                          [
                            "arn:",
                            {
                              "Ref": "AWS::Partition"
                            },
                            ":s3:::",
                            {
                              "Ref": "ServerlessDeploymentBucket"
                            }
                          ]
                        ]
                      }
                    ],
                    "Condition": {
                      "Bool": {
                        "aws:SecureTransport": false
                      }
                    }
                  }
                ]
              }
            }
          }
        },
        "Outputs": {
          "ServerlessDeploymentBucketName": {
            "Value": {
              "Ref": "ServerlessDeploymentBucket"
            }
          }
        }
      },
      "vpc": {}
    },
    "plugins": [
      "serverless-iam-roles-per-function"
    ],
    "pluginsData": {},
    "functions": {
      "Auth": {
        "handler": "src/lambda/auth/auth0Authorizer.handler",
        "events": [],
        "name": "serverless-todo-app-dev-Auth",
        "package": {},
        "memory": 1024,
        "timeout": 6,
        "runtime": "nodejs18.x",
        "vpc": {},
        "versionLogicalId": "AuthLambdaVersionsIRe8iltKRIQIgkHXQbi5HUYNx5g8PUMo85xuXM"
      },
      "GetTodos": {
        "handler": "src/lambda/http/getTodos.handler",
        "events": [
          {
            "http": {
              "method": "get",
              "path": "todos",
              "cors": {
                "origin": "*",
                "methods": [
                  "OPTIONS",
                  "GET"
                ],
                "headers": [
                  "Content-Type",
                  "X-Amz-Date",
                  "Authorization",
                  "X-Api-Key",
                  "X-Amz-Security-Token",
                  "X-Amz-User-Agent",
                  "X-Amzn-Trace-Id"
                ],
                "allowCredentials": false
              },
              "authorizer": {
                "name": "Auth",
                "arn": {
                  "$ref": "$[\"service\"][\"provider\"][\"compiledCloudFormationTemplate\"][\"Resources\"][\"AuthLambdaPermissionApiGateway\"][\"Properties\"][\"FunctionName\"]"
                },
                "managedExternally": false,
                "identitySource": "method.request.header.Authorization"
              },
              "integration": "AWS_PROXY"
            }
          }
        ],
        "iamRoleStatements": [
          {
            "$ref": "$[\"service\"][\"provider\"][\"compiledCloudFormationTemplate\"][\"Resources\"][\"GetTodosIamRoleLambdaExecution\"][\"Properties\"][\"Policies\"][0][\"PolicyDocument\"][\"Statement\"][1]"
          },
          {
            "$ref": "$[\"service\"][\"provider\"][\"compiledCloudFormationTemplate\"][\"Resources\"][\"GetTodosIamRoleLambdaExecution\"][\"Properties\"][\"Policies\"][0][\"PolicyDocument\"][\"Statement\"][2]"
          }
        ],
        "name": "serverless-todo-app-dev-GetTodos",
        "package": {},
        "memory": 1024,
        "timeout": 6,
        "runtime": "nodejs18.x",
        "vpc": {},
        "versionLogicalId": "GetTodosLambdaVersiongtyb7BU9ItyzsvbkNsPwyLDtbJv9b89ZOJ1hqjVK8w"
      },
      "CreateTodo": {
        "handler": "src/lambda/http/createTodo.handler",
        "events": [
          {
            "http": {
              "method": "post",
              "path": "todos",
              "cors": {
                "origin": "*",
                "methods": [
                  "OPTIONS",
                  "POST"
                ],
                "headers": [
                  "Content-Type",
                  "X-Amz-Date",
                  "Authorization",
                  "X-Api-Key",
                  "X-Amz-Security-Token",
                  "X-Amz-User-Agent",
                  "X-Amzn-Trace-Id"
                ],
                "allowCredentials": false
              },
              "authorizer": {
                "name": "Auth",
                "arn": {
                  "$ref": "$[\"service\"][\"provider\"][\"compiledCloudFormationTemplate\"][\"Resources\"][\"AuthLambdaPermissionApiGateway\"][\"Properties\"][\"FunctionName\"]"
                },
                "managedExternally": false,
                "identitySource": "method.request.header.Authorization"
              },
              "integration": "AWS_PROXY"
            }
          }
        ],
        "iamRoleStatements": [
          {
            "$ref": "$[\"service\"][\"provider\"][\"compiledCloudFormationTemplate\"][\"Resources\"][\"CreateTodoIamRoleLambdaExecution\"][\"Properties\"][\"Policies\"][0][\"PolicyDocument\"][\"Statement\"][1]"
          }
        ],
        "name": "serverless-todo-app-dev-CreateTodo",
        "package": {},
        "memory": 1024,
        "timeout": 6,
        "runtime": "nodejs18.x",
        "vpc": {},
        "versionLogicalId": "CreateTodoLambdaVersiontmRkP4wfhTiEsaoYk8I3bFldIvtfrJ1kTQ19flHNwbs"
      },
      "UpdateTodo": {
        "handler": "src/lambda/http/updateTodo.handler",
        "events": [
          {
            "http": {
              "method": "patch",
              "path": "todos/{todoId}",
              "cors": {
                "origin": "*",
                "methods": [
                  "OPTIONS",
                  "PATCH"
                ],
                "headers": [
                  "Content-Type",
                  "X-Amz-Date",
                  "Authorization",
                  "X-Api-Key",
                  "X-Amz-Security-Token",
                  "X-Amz-User-Agent",
                  "X-Amzn-Trace-Id"
                ],
                "allowCredentials": false
              },
              "authorizer": {
                "name": "Auth",
                "arn": {
                  "$ref": "$[\"service\"][\"provider\"][\"compiledCloudFormationTemplate\"][\"Resources\"][\"AuthLambdaPermissionApiGateway\"][\"Properties\"][\"FunctionName\"]"
                },
                "managedExternally": false,
                "identitySource": "method.request.header.Authorization"
              },
              "integration": "AWS_PROXY"
            }
          }
        ],
        "iamRoleStatements": [
          {
            "$ref": "$[\"service\"][\"provider\"][\"compiledCloudFormationTemplate\"][\"Resources\"][\"UpdateTodoIamRoleLambdaExecution\"][\"Properties\"][\"Policies\"][0][\"PolicyDocument\"][\"Statement\"][1]"
          }
        ],
        "name": "serverless-todo-app-dev-UpdateTodo",
        "package": {},
        "memory": 1024,
        "timeout": 6,
        "runtime": "nodejs18.x",
        "vpc": {},
        "versionLogicalId": "UpdateTodoLambdaVersiondEf8nDK2wOXP9CCw1qWXFX0GZadh8ObiLAVxsRmpZo"
      },
      "DeleteTodo": {
        "handler": "src/lambda/http/deleteTodo.handler",
        "events": [
          {
            "http": {
              "method": "delete",
              "path": "todos/{todoId}",
              "cors": {
                "origin": "*",
                "methods": [
                  "OPTIONS",
                  "DELETE"
                ],
                "headers": [
                  "Content-Type",
                  "X-Amz-Date",
                  "Authorization",
                  "X-Api-Key",
                  "X-Amz-Security-Token",
                  "X-Amz-User-Agent",
                  "X-Amzn-Trace-Id"
                ],
                "allowCredentials": false
              },
              "authorizer": {
                "name": "Auth",
                "arn": {
                  "$ref": "$[\"service\"][\"provider\"][\"compiledCloudFormationTemplate\"][\"Resources\"][\"AuthLambdaPermissionApiGateway\"][\"Properties\"][\"FunctionName\"]"
                },
                "managedExternally": false,
                "identitySource": "method.request.header.Authorization"
              },
              "integration": "AWS_PROXY"
            }
          }
        ],
        "iamRoleStatements": [
          {
            "$ref": "$[\"service\"][\"provider\"][\"compiledCloudFormationTemplate\"][\"Resources\"][\"DeleteTodoIamRoleLambdaExecution\"][\"Properties\"][\"Policies\"][0][\"PolicyDocument\"][\"Statement\"][1]"
          }
        ],
        "name": "serverless-todo-app-dev-DeleteTodo",
        "package": {},
        "memory": 1024,
        "timeout": 6,
        "runtime": "nodejs18.x",
        "vpc": {},
        "versionLogicalId": "DeleteTodoLambdaVersionbxVVVozygCaDp1QNuYT4AMNwZc05wXnrnPNxVWT5A"
      },
      "GenerateUploadUrl": {
        "handler": "src/lambda/http/generateUploadUrl.handler",
        "events": [
          {
            "http": {
              "method": "post",
              "path": "todos/{todoId}/attachment",
              "cors": {
                "origin": "*",
                "methods": [
                  "OPTIONS",
                  "POST"
                ],
                "headers": [
                  "Content-Type",
                  "X-Amz-Date",
                  "Authorization",
                  "X-Api-Key",
                  "X-Amz-Security-Token",
                  "X-Amz-User-Agent",
                  "X-Amzn-Trace-Id"
                ],
                "allowCredentials": false
              },
              "authorizer": {
                "name": "Auth",
                "arn": {
                  "$ref": "$[\"service\"][\"provider\"][\"compiledCloudFormationTemplate\"][\"Resources\"][\"AuthLambdaPermissionApiGateway\"][\"Properties\"][\"FunctionName\"]"
                },
                "managedExternally": false,
                "identitySource": "method.request.header.Authorization"
              },
              "integration": "AWS_PROXY"
            }
          }
        ],
        "iamRoleStatements": [
          {
            "$ref": "$[\"service\"][\"provider\"][\"compiledCloudFormationTemplate\"][\"Resources\"][\"GenerateUploadUrlIamRoleLambdaExecution\"][\"Properties\"][\"Policies\"][0][\"PolicyDocument\"][\"Statement\"][1]"
          },
          {
            "$ref": "$[\"service\"][\"provider\"][\"compiledCloudFormationTemplate\"][\"Resources\"][\"GenerateUploadUrlIamRoleLambdaExecution\"][\"Properties\"][\"Policies\"][0][\"PolicyDocument\"][\"Statement\"][2]"
          }
        ],
        "name": "serverless-todo-app-dev-GenerateUploadUrl",
        "package": {},
        "memory": 1024,
        "timeout": 6,
        "runtime": "nodejs18.x",
        "vpc": {},
        "versionLogicalId": "GenerateUploadUrlLambdaVersionkUPxflOllRBuu3Mk2I00VbqUauRiEr6OYLJsRYBhS8"
      }
    },
    "resources": {
      "Resources": {
        "GatewayResponseDefault": {
          "Type": "AWS::ApiGateway::GatewayResponse",
          "Properties": {
            "ResponseParameters": {
              "gatewayresponse.header.Access-Control-Allow-Origin": "'*'",
              "gatewayresponse.header.Access-Control-Allow-Headers": "'Content-Type,X-Amz-Date,Authorization,X-Api-Key,X-Amz-Security-Token'",
              "gatewayresponse.header.Access-Control-Allow-Methods": "'GET,OPTIONS,POST'"
            },
            "ResponseType": "DEFAULT_4XX",
            "RestApiId": {
              "Ref": "ApiGatewayRestApi"
            }
          }
        },
        "TodosTable": {
          "Type": "AWS::DynamoDB::Table",
          "Properties": {
            "AttributeDefinitions": [
              {
                "AttributeName": "userId",
                "AttributeType": "S"
              },
              {
                "AttributeName": "todoId",
                "AttributeType": "S"
              },
              {
                "AttributeName": "createdAt",
                "AttributeType": "S"
              }
            ],
            "KeySchema": [
              {
                "AttributeName": "userId",
                "KeyType": "HASH"
              },
              {
                "AttributeName": "todoId",
                "KeyType": "RANGE"
              }
            ],
            "BillingMode": "PAY_PER_REQUEST",
            "TableName": "Todos-dev",
            "LocalSecondaryIndexes": [
              {
                "IndexName": "CreatedAtIndex",
                "KeySchema": [
                  {
                    "AttributeName": "userId",
                    "KeyType": "HASH"
                  },
                  {
                    "AttributeName": "createdAt",
                    "KeyType": "RANGE"
                  }
                ],
                "Projection": {
                  "ProjectionType": "ALL"
                }
              }
            ]
          }
        },
        "AttachmentsBucket": {
          "Type": "AWS::S3::Bucket",
          "Properties": {
            "BucketName": "ayushserverless-112233-dev",
            "PublicAccessBlockConfiguration": {
              "BlockPublicAcls": false,
              "BlockPublicPolicy": false,
              "IgnorePublicAcls": false,
              "RestrictPublicBuckets": false
            },
            "CorsConfiguration": {
              "CorsRules": [
                {
                  "AllowedOrigins": [
                    "*"
                  ],
                  "AllowedMethods": [
                    "GET",
                    "PUT",
                    "POST",
                    "DELETE",
                    "HEAD"
                  ],
                  "MaxAge": 3600
                }
              ]
            }
          }
        },
        "BucketPolicy": {
          "Type": "AWS::S3::BucketPolicy",
          "Properties": {
            "PolicyDocument": {
              "Id": "MyBucketPol",
              "Version": "2012-10-17",
              "Statement": [
                {
                  "Sid": "PublicReadForGetBucketObjects",
                  "Effect": "Allow",
                  "Principal": "*",
                  "Action": "s3:GetObject",
                  "Resource": "arn:aws:s3:::ayushserverless-112233-dev/*"
                }
              ]
            },
            "Bucket": {
              "Ref": "AttachmentsBucket"
            }
          }
        }
      },
      "Outputs": {}
    },
    "configValidationMode": "warn",
    "serviceFilename": "serverless.yml",
    "initialServerlessConfig": {
      "service": "serverless-todo-app",
      "plugins": {
        "$ref": "$[\"service\"][\"plugins\"]"
      },
      "frameworkVersion": "3",
      "provider": {
        "$ref": "$[\"service\"][\"provider\"]"
      },
      "functions": {
        "$ref": "$[\"service\"][\"functions\"]"
      },
      "resources": {
        "$ref": "$[\"service\"][\"resources\"]"
      }
    },
    "layers": {},
    "isDashboardMonitoringPreconfigured": false,
    "artifact": "C:\\Users\\Admin\\Desktop\\udacity_project\\starter\\backend\\.serverless\\serverless-todo-app.zip"
  },
  "package": {
    "artifactDirectoryName": "serverless/serverless-todo-app/dev/1763721586758-2025-11-21T10:39:46.758Z",
    "artifact": "serverless-todo-app.zip"
  }
}